"simple1","simple2","complex1","complex2"
-2309.927208934738,-2813.221018114284,-2300.449525960638,-2802.7815745275784
-2309.927208934738,-2813.221018114284,-2300.449525960638,-2802.7815745275784
-2309.927208934738,-2813.221018114284,-2300.449525960638,-2802.7815745275784
